2017-12-06 13:55:19	request	0
2017-12-06 13:55:44	ack	0
2017-12-06 13:56:19	request	1
2017-12-06 13:56:44	ack	1
2017-12-06 13:57:18	request	2
2017-12-06 13:57:43	ack	2
2017-12-06 13:58:16	request	3
2017-12-06 13:58:40	ack	3
2017-12-06 13:59:13	request	4
2017-12-06 13:59:38	ack	4
2017-12-06 14:00:09	request	5
2017-12-06 14:00:34	ack	5
2017-12-06 14:01:04	request	6
2017-12-06 14:01:29	ack	6
2017-12-06 14:01:58	request	7
2017-12-06 14:02:23	ack	7
2017-12-06 14:02:51	request	8
2017-12-06 14:03:16	ack	8
2017-12-06 14:03:43	request	9
2017-12-06 14:04:08	ack	9
2017-12-06 14:04:34	request	10
2017-12-06 14:04:59	ack	10
2017-12-06 14:05:24	request	11
2017-12-06 14:05:49	ack	11
2017-12-06 14:06:13	request	12
2017-12-06 14:06:38	ack	12
2017-12-06 14:07:01	request	13
2017-12-06 14:07:26	ack	13
2017-12-06 14:07:48	request	14
2017-12-06 14:08:13	ack	14
2017-12-06 14:08:34	request	15
2017-12-06 14:08:59	ack	15
2017-12-06 14:09:19	request	16
2017-12-06 14:09:44	ack	16
2017-12-06 14:10:03	request	17
2017-12-06 14:10:28	ack	17
2017-12-06 14:10:46	request	18
2017-12-06 14:11:11	ack	18
2017-12-06 14:11:28	request	19
2017-12-06 14:11:53	ack	19
